{
  "High": {
    "precision": 0.75,
    "recall": 0.3442622950819672,
    "f1-score": 0.4719101123595506,
    "support": 61.0
  },
  "Low": {
    "precision": 0.8389662027833003,
    "recall": 0.8406374501992032,
    "f1-score": 0.8398009950248758,
    "support": 502.0
  },
  "Medium": {
    "precision": 0.744136460554371,
    "recall": 0.7986270022883295,
    "f1-score": 0.7704194260485652,
    "support": 437.0
  },
  "accuracy": 0.792,
  "macro avg": {
    "precision": 0.7777008877792237,
    "recall": 0.6611755825231667,
    "f1-score": 0.6940435111443306,
    "support": 1000.0
  },
  "weighted avg": {
    "precision": 0.7920986670594768,
    "recall": 0.792,
    "f1-score": 0.7870399055396433,
    "support": 1000.0
  }
}